ID,Name,Age,Date_of_Birth,Email,Salary,Join_Date,Department,Phone,Address,Gender,Marital_Status,Notes,Random_String,Flag,Temp_Code
1,jane smith,,1999.01.12,jane.smithmail,,04/12/2024,Marketing,+1-549-986-2923,"8689 Elm St., Springfield",Male,Widowed,Promoted last year,jq3ppsJJne,yes,
2,David Taylor,,1972.03.03,david.taylor@mail.com,40851.0,12/03/2021,Finance,+1-314-930-6744,"3388 Maple St., Rivertown",Male,Divorced,Great employee,XkZQJ4KsTJ,1,
3,Chris O'Neil,,1988-07-13,chris.oneilemail,74671.0,2020-12-04,Finance,(747) 538-3719,,Male,Single,On probation,W5u2A5,yes,65280
4,Anna-Marie,,1975.06.07,annamarie@mail.com,46006.0,28/09/2021,Support,+1-933-311-1972,,,Married,,1oOLaW,no,
5,Michael Lee,,04/17/1983,michael.lee@mail.com,49358.0,13/01/2022,IT,(387) 711-9827,"3362 Pine Rd., Lakeside",Female,Widowed,On probation,dGtJuRjP98U,,47156
6,Linda Johnson,46.0,1974.12.03,linda.johnson@mail.com,70021.0,2020-11-03,Support,(399) 396-5380,"8375 Cedar Blvd., Springfield",Male,Unknown,,FnryifJdyfFVii,no,74067
7,Susan King,,03/10/1978,susan.king@mail.com,100142.0,08-25-2024,Marketing,(795) 934-2560,"4063 Pine Rd., Hillview",Other,Divorced,Promoted last year,myJI9GpqAQJgz,0,
8,Linda Johnson,56.0,1984.05.30,linda.johnson@email.com,104686.0,2024-12-09,Support,160-383-3078,"3009 Cedar Blvd., Fairview",,Married,,vtKbs9M9Bj,1,18855
9,Jane Smith,32.0,1986/05/15,jane.smith@mail.com,41504.0,2021-08-20,Finance,+1-355-249-6277,"5740 Oak Ave., Lakeside",Female,Single,,5oQjT,yes,64732
10,David Taylor,,1996/07/14,david.taylor,105612.0,06/03/2021,IT,(502) 601-3329,"1580 Pine Rd., Springfield",Other,Single,On probation,gd651Y,yes,50593
11,Jane Smith,,1996.05.20,jane.smith@company.org,104042.0,2025-05-05,HR,742-524-7146,"2769 Elm St., Rivertown",,Single,Needs improvement,vXsDu,1,54279
12,Michael Lee,,,michael.lee@email.com,56483.0,2024/09/24,IT,(913) 887-2525,"3788 Oak Ave., Lakeside",Female,Widowed,,nHUIM9RPx4Gpd,0,72289
13,Robert Brown,60.0,10-06-1979,robert.brown@mail.com,97422.0,2020/05/28,Sales,(384) 811-7046,"8509 Maple St., Springfield",Other,Widowed,Needs improvement,WMdOayq0,1,89391
14,Linda Johnson,,1993.04.22,linda.johnson@email.com,48834.0,2020-05-16,Support,435-695-1040,"2267 Oak Ave., Fairview",Female,Married,,wgs2x8FS4ELfm7I,no,
15,Susan King,37.0,1994.01.07,susan.king@company.org,101993.0,2020/12/03,Marketing,(195) 848-8511,"3766 Pine Rd., Fairview",,Single,Promoted last year,c5sEU,no,
16,Jane Smith,49.0,1982-09-06,jane.smith@company.org,,03-12-2023,Support,(466) 970-2037,"5104 Pine Rd., Hillview",Male,Divorced,Promoted last year,vvMo8,0,68973
17,Jane Smith,34.0,05/26/1995,jane.smith@email.com,112132.0,2024-11-25,Finance,323-539-4470,"5813 Cedar Blvd., Lakeside",,Divorced,,rdpy9966nvyiT,1,29527
18,David Taylor,,1981/11/05,david.taylor@mail.com,40282.0,04-06-2023,Support,948-390-6533,"5050 Elm St., Fairview",Other,Divorced,On probation,7LMooj84uHmiH,no,52626
19,Anna-Marie,57.0,27-04-1990,annamarie@company.org,81104.0,2025-02-16,IT,+1-679-972-8951,"1776 Maple St., Fairview",Male,Married,Promoted last year,1tRGi98i,yes,
20,Anna-Marie,,,annamarie@email.com,,25/01/2025,Engineering,(880) 149-1752,"6231 Elm St., Fairview",Female,Widowed,,4tI6ht2TV2zzB5,yes,91735
21,Jane Smith,,2001.11.05,jane.smith,74179.0,04-21-2024,Marketing,,"4990 Maple St., Hillview",Female,Divorced,,5qWglVLqJooQwQD,,40516
22,Michael Lee,41.0,2000-05-17,michael.lee@company.org,67938.0,08-12-2022,Marketing,116-227-3588,,Female,Single,Needs improvement,0DOlyDkoz856n,1,54433
23,Susan King,37.0,1983.12.22,susan.king@company.org,109329.0,05-28-2025,Finance,+1-538-307-3161,"5427 Pine Rd., Lakeside",,Divorced,Great employee,9Ue591EuCpzcTxt,0,97876
24,Jane Smith,30.0,1998.10.30,jane.smith@mail.com,66685.0,08-06-2021,IT,262-995-5489,"4995 Oak Ave., Rivertown",Female,Single,,6JHNRcgC22pH8c,yes,46356
25,Anna-Marie,,1991-03-21,annamarieemail,97912.0,2022/05/11,IT,,"4037 Maple St., Fairview",Female,Divorced,Needs improvement,FNdsysZCAMd,yes,31707
26,John Doe,,1977.07.02,john.doe@email.com,,2023-05-29,HR,+1-480-780-3711,"5336 Oak Ave., Springfield",Female,Divorced,On probation,4COfFlK3HyubC,no,84972
27,Linda Johnson,28.0,1985.05.26,linda.johnson@email.com,63206.0,2020/07/04,Sales,,"4943 Pine Rd., Hillview",,Widowed,Promoted last year,2fuOSkTf,yes,50481
28,Robert Brown,43.0,07/01/1992,robert.brown@company.org,101694.0,15/03/2024,Support,(816) 873-4836,"678 Elm St., Fairview",Other,Married,Promoted last year,NfRT8LjIcku2,1,26224
29,Anna-Marie,,,annamarie@mail.com,76585.0,2023/06/25,Finance,+1-820-197-1017,"5722 Oak Ave., Fairview",Male,Widowed,,kiVdtT7,1,21161
30,David Taylor,,30-11-1991,david.taylor@mail.com,,2022/02/08,HR,+1-235-707-4705,"7894 Pine Rd., Fairview",Female,Single,Promoted last year,MhimMpC1H,,
31,Susan King,,07-10-1977,susan.king@company.org,110575.0,07/08/2021,HR,109-108-6629,"2885 Elm St., Rivertown",,Divorced,On probation,LEnOC,no,85609
32,Chris O'Neil,43.0,01/15/1998,chris.oneil@company.org,78752.0,05/05/2022,Marketing,810-235-8826,"7813 Oak Ave., Lakeside",Female,Married,Great employee,eLpHMIZdjOc0,1,84743
33,Chris O'Neil,,1990/02/17,chris.oneil@email.com,116019.0,01-18-2022,Engineering,,"9259 Oak Ave., Lakeside",Male,Married,,JLufg9krORJI7Uw,1,72368
34,Anna-Marie,35.0,1996-01-07,annamarie@company.org,70784.0,09-05-2021,Marketing,(925) 204-2690,"3741 Pine Rd., Rivertown",Other,Widowed,,fswxe,no,12446
35,Linda Johnson,,1976-03-17,linda.johnson@company.org,90328.0,2022/09/05,Marketing,240-491-3181,"5131 Cedar Blvd., Lakeside",Other,Single,On probation,0eDh1uznmdJ,no,
36,Robert Brown,,24-10-1993,robert.brown@company.org,72662.0,2020-04-22,Engineering,(246) 170-9691,"9693 Pine Rd., Hillview",Female,Divorced,,GfSLWRA0qJM5MET,no,33559
37,Robert Brown,55.0,1983.10.11,robert.brown@company.org,98446.0,02/06/2020,Finance,(765) 268-8210,"7809 Maple St., Fairview",Male,Single,Needs improvement,ElLR8abMh0X9,no,46039
38,Anna-Marie,37.0,1980/03/31,annamarie@mail.com,70735.0,12-05-2023,HR,+1-743-866-3480,"1266 Cedar Blvd., Rivertown",Female,Divorced,Great employee,cvXnNQpesIV,,42150
39,David Taylor,,10-10-1996,david.taylormail,48161.0,2024/04/16,Engineering,(803) 553-4559,"6353 Elm St., Lakeside",Other,Married,,QvSMbk,yes,85963
40,Emily Clark,23.0,11/07/1987,emily.clark@mail.com,119069.0,01/06/2020,Engineering,,"2570 Oak Ave., Rivertown",,Divorced,Promoted last year,Z5DDcijC13,0,79932
41,Linda Johnson,,1973/08/17,linda.johnson@mail.com,110008.0,2025/04/19,IT,+1-703-847-7291,"9429 Cedar Blvd., Rivertown",,Divorced,,WzUZsStHmQX3,no,62664
42,Emily Clark,27.0,02-12-1982,emily.clarkmail,84236.0,2021/03/08,HR,422-910-3290,"3054 Maple St., Hillview",,Married,Needs improvement,ej0vxHkLlh,1,74418
43,Chris O'Neil,27.0,,chris.oneil@mail.com,45276.0,2021-03-22,Marketing,(186) 354-5668,"2997 Pine Rd., Springfield",Male,Married,Promoted last year,RtbzEoC6n,0,13049
44,Linda Johnson,,1973-08-07,linda.johnson@email.com,88351.0,2024-07-05,Support,(127) 968-5942,,Male,Married,,kxcmfFX4j,,33659
45,Robert Brown,,1977/10/20,robert.brown@company.org,71830.0,11-17-2024,Support,(621) 293-7418,"2862 Elm St., Rivertown",Other,Married,Great employee,5TGWi2Y6Pi,0,79193
46,Emily Clark,,05/31/1984,emily.clark,104251.0,2024/11/09,HR,+1-902-912-4921,"1542 Oak Ave., Fairview",Male,Married,,CSGa5,0,43708
47,Anna-Marie,,06/14/1974,annamarie@company.org,117656.0,12-12-2023,Support,+1-346-611-2163,"7135 Cedar Blvd., Hillview",Other,Divorced,,02u3gVUbVNnmrHV,yes,
48,Linda Johnson,27.0,1992/09/09,linda.johnson@company.org,1181604.0,2024/06/06,Marketing,+1-469-424-3162,"6380 Maple St., Springfield",Other,Single,On probation,hjqaMFmvtiRrpeM,yes,81012
49,Susan King,43.0,03/05/1972,susan.king@company.org,93271.0,17/09/2022,Finance,(530) 474-9951,"6212 Maple St., Lakeside",Female,Single,Needs improvement,Hdb4dxfyR3,no,
50,Anna-Marie,53.0,06/16/1999,annamarie@company.org,88368.0,10-18-2022,Engineering,888-174-1273,"8800 Oak Ave., Springfield",,Widowed,,ZRMtYSPH8UCiY5D,1,
51,David Taylor,51.0,1993-04-15,david.taylor@mail.com,64267.0,17/05/2024,Finance,+1-368-320-1652,"4176 Oak Ave., Lakeside",,Single,,tNVD6i3pwl4u,no,21747
52,Anna-Marie,59.0,12/03/1994,annamarie@email.com,56591.0,2023-11-30,Sales,618-393-9209,"1782 Cedar Blvd., Fairview",Other,Divorced,On probation,CbDvCkVLhg,0,
53,David Taylor,30.0,2003.01.30,david.taylor@mail.com,46734.0,2024/01/13,Sales,818-511-2350,"2836 Maple St., Springfield",Male,Widowed,,uOXHyz,no,98946
54,Jane Smith,,05/20/1978,jane.smithemail,119471.0,09/02/2022,Support,(730) 256-5546,"4864 Cedar Blvd., Fairview",Other,Divorced,Needs improvement,pjDemRA8JvRkPT,0,
55,David Taylor,50.0,05/24/1984,david.taylor@email.com,67235.0,10/12/2021,HR,,"5635 Cedar Blvd., Rivertown",,Divorced,,ZhKugBtzLQKYuN,1,52636
56,Jane Smith,,1985/04/21,jane.smith@mail.com,77056.0,2021/07/05,Sales,,"8131 Pine Rd., Rivertown",Female,Married,Promoted last year,fY34N,,
57,Linda Johnson,,15-03-1979,linda.johnson@mail.com,61747.0,01-02-2021,IT,+1-649-434-7401,"6709 Maple St., Rivertown",,Widowed,Promoted last year,UOCsM,0,49062
58,Emily Clark,,1989/12/27,emily.clark@company.org,118385.0,2025/03/24,Finance,(797) 758-2083,"2249 Oak Ave., Springfield",Other,Single,On probation,mQtJ4s6A8vfa,,51948
59,Susan King,,1973.05.20,susan.king@email.com,75325.0,2022-03-21,Support,847-966-4909,"2868 Maple St., Lakeside",Other,Widowed,,zhswIdRYw11oR,yes,
60,Robert Brown,50.0,1977/05/16,robert.brown@mail.com,93523.0,08-01-2023,Finance,,"712 Cedar Blvd., Lakeside",,Married,Promoted last year,MSzAnkiI0wz,no,43807
61,Jane Smith,43.0,1990/09/13,jane.smith@company.org,,12-15-2024,HR,,"896 Elm St., Springfield",,Single,Great employee,9PieaSEB9,no,25855
62,Susan King,,1979/04/17,susan.king@email.com,105338.0,2021/12/11,Support,726-723-1901,"423 Maple St., Springfield",Male,Widowed,Great employee,iX13R5,,
63,John Doe,,1983/12/23,john.doe@company.org,60758.0,2023-09-16,IT,(773) 858-3877,"6330 Maple St., Fairview",Female,Single,,lFIBwlLJ0oFzHw,yes,88250
64,Chris O'Neil,29.0,29-07-1974,chris.oneil@company.org,94459.0,2020/10/08,Engineering,(240) 818-1185,"2608 Oak Ave., Springfield",,Unknown,,JRhDQ,yes,74615
65,Linda Johnson,31.0,1976.09.28,linda.johnson@email.com,94387.0,07-18-2023,Support,635-629-5247,"1754 Elm St., Lakeside",Female,Single,Great employee,TG1UrGG,yes,76115
66,John Doe,41.0,1983.08.07,john.doe@mail.com,99682.0,03-21-2020,Support,+1-867-899-5403,"2347 Cedar Blvd., Springfield",Female,Divorced,Great employee,fDT7eNXtdvWDFD,0,25083
67,Linda Johnson,37.0,1985-03-15,linda.johnson@mail.com,90604.0,23/09/2021,Engineering,+1-889-130-6488,"2028 Pine Rd., Springfield",Male,Divorced,Needs improvement,A7Xrc5UTId,yes,51724
68,John Doe,59.0,1983-11-18,john.doe@mail.com,,2024/08/22,Support,636-165-5308,"8254 Oak Ave., Fairview",Other,Widowed,Needs improvement,JJOsTbEheWpM,,63356
69,Robert Brown,38.0,1985-10-19,robert.brown@company.org,81505.0,2021/12/08,Support,(742) 178-9128,"4408 Elm St., Rivertown",Female,Divorced,Great employee,1agkKjBYq,,
70,david taylor,,27-09-1990,david.taylor@mail.com,53173.0,18/12/2022,Finance,156-611-3734,"6813 Pine Rd., Rivertown",Female,Widowed,Needs improvement,EX1vfi5j,1,
71,Michael Lee,24.0,06/21/1990,michael.lee@email.com,63600.0,30/06/2024,Sales,891-205-2889,,Female,Widowed,Great employee,UzxOTkJ0dqYd,no,12440
72,Emily Clark,37.0,18-03-1997,emily.clark@mail.com,100981.0,05-25-2020,Finance,(102) 145-1201,"3502 Cedar Blvd., Lakeside",Female,Divorced,On probation,ysUUHxRDi1a5,no,86830
73,David Taylor,50.0,1990/03/18,david.taylor@mail.com,90422.0,2020/08/31,Sales,472-492-3458,"308 Maple St., Springfield",Other,Widowed,Needs improvement,xtG7gGv0LOqq,1,42285
74,Linda Johnson,44.0,1990-05-21,linda.johnson@company.org,1938225.0,2021-02-01,IT,+1-666-922-7870,"8195 Oak Ave., Springfield",Male,Married,Great employee,pKCPoP,,95400
75,Anna-Marie,,29-10-1987,annamarie@company.org,57927.0,2021-12-05,Finance,+1-526-837-6241,"1329 Maple St., Lakeside",Female,Married,Great employee,GQ9taaez,,49926
76,John Doe,,12-10-1970,john.doemail,66318.0,09-16-2024,IT,+1-685-481-2956,"7583 Pine Rd., Lakeside",,Divorced,,gBnrlbf6OZ6NR,,68455
77,David Taylor,32.0,01/06/1982,david.taylor@mail.com,49869.0,29/08/2024,Support,+1-283-328-9450,"1735 Oak Ave., Springfield",Other,Widowed,,fLxVOX,no,
78,Chris O'Neil,57.0,,chris.oneil@mail.com,74362.0,2022/03/04,Support,170-998-8620,"6001 Pine Rd., Hillview",Male,Married,On probation,3RpC6N5,yes,36667
79,Susan King,36.0,,susan.king@company.org,48285.0,2021/11/20,Finance,435-188-8483,"1656 Maple St., Springfield",,Married,,VQPVpWrdy,no,28660
80,Michael Lee,,,michael.leemail,110457.0,2024/09/09,Engineering,,"2893 Pine Rd., Lakeside",,Single,On probation,qYle8,1,32044
81,Susan King,56.0,14-01-1971,susan.king@company.org,,2022/09/15,HR,(903) 411-4974,"4495 Maple St., Lakeside",,Widowed,,LlEiVnN4,yes,80455
82,John Doe,35.0,01/14/1993,john.doe,87012.0,2025/02/09,HR,(605) 891-4201,"3096 Maple St., Hillview",Female,Divorced,,geJpB3jN5,0,82764
83,Linda Johnson,,1974.11.05,linda.johnson@email.com,56505.0,14/01/2021,Sales,(878) 915-5016,"7579 Pine Rd., Hillview",Female,Divorced,,yjuyaRVDzTYeoxQ,0,10131
84,David Taylor,,1997.01.04,david.tayloremail,62871.0,2024-10-31,Marketing,124-338-9872,"7935 Cedar Blvd., Rivertown",,Single,,hH9usd9Ow0v0,,91360
85,John Doe,37.0,,john.doe@email.com,48330.0,2022/10/12,Support,(998) 109-6488,"1060 Oak Ave., Springfield",Male,Married,Promoted last year,OkcxlR3Nw,yes,31939
86,Susan King,28.0,1976-01-15,susan.king@company.org,44082.0,2025/02/09,Support,,"9778 Cedar Blvd., Fairview",Female,Divorced,Great employee,2Blcb9,no,
87,Chris O'Neil,28.0,1983-09-25,chris.oneil@mail.com,76046.0,12-13-2021,Engineering,(844) 414-2703,"3069 Elm St., Hillview",Male,Single,Promoted last year,EdHtHZB9,1,73201
88,Emily Clark,51.0,,emily.clark@company.org,68183.0,2023/01/15,Marketing,+1-529-603-1981,"572 Oak Ave., Hillview",Female,Divorced,Needs improvement,vuSzn,,42884
89,Chris O'Neil,51.0,05/14/1999,chris.oneil@company.org,102163.0,2025-01-27,Support,+1-828-386-2524,"1950 Cedar Blvd., Hillview",Female,Divorced,,PCQ2jJ5ciOD4cRi,,59827
90,Jane Smith,28.0,1978-09-03,jane.smith@company.org,93845.0,2023/06/20,Support,,,Female,Divorced,,N4YgLZd,yes,92864
91,John Doe,60.0,1977.09.15,john.doe@company.org,85890.0,09-16-2020,Sales,(522) 817-7102,"5248 Maple St., Fairview",Male,Widowed,Great employee,hKMdmu,1,76889
92,Michael Lee,,02/14/1974,michael.leemail,84541.0,2023-06-26,Marketing,(186) 694-2565,"9547 Elm St., Rivertown",Female,Married,Great employee,yhQHt7nckdqUkwk,0,31157
93,Robert Brown,,1975-03-25,robert.brown,84681.0,07-26-2024,HR,(939) 503-2226,"5642 Elm St., Fairview",Male,Married,Needs improvement,5cg0LWaE,,83804
94,Susan King,,25-08-1996,susan.king@email.com,95576.0,2022/09/23,Engineering,+1-545-778-3141,"1660 Cedar Blvd., Rivertown",Female,Divorced,,a5RKr,,
95,Michael Lee,,08/28/1998,michael.lee@company.org,45952.0,2024/03/19,IT,971-422-7438,"6405 Oak Ave., Fairview",Other,Widowed,On probation,QmNGz6LclE6M,yes,
96,john doe,,03/02/1992,john.doe@email.com,56932.0,27/04/2023,IT,(434) 425-8417,"994 Maple St., Rivertown",Female,Widowed,Great employee,vaohGfwVH,,28304
97,David Taylor,,2001/09/24,david.tayloremail,115156.0,2023/03/08,HR,+1-307-239-2785,"7788 Cedar Blvd., Rivertown",,Widowed,On probation,CMmdgj04,yes,46629
98,Jane Smith,,1975/11/26,jane.smith@mail.com,,2020-09-18,Marketing,+1-560-577-6145,,Male,Widowed,,kPcNrAuXVcT5,1,37636
99,Chris O'Neil,,09/17/1989,chris.oneil@email.com,,2021-11-25,IT,(466) 888-4401,"4046 Pine Rd., Lakeside",Other,Married,Great employee,jbFeoBJ,0,51720
100,David Taylor,44.0,05-09-1974,david.taylor@email.com,60036.0,2021-03-10,Marketing,371-972-2964,,Male,Divorced,Promoted last year,mPuWugT1xnD,0,54909
101,Anna-Marie,58.0,1978.04.23,annamarie@company.org,101462.0,12-21-2022,Support,,"6303 Cedar Blvd., Rivertown",Female,Widowed,,dBnLlxCmwqub,,69338
102,Michael Lee,,1983-05-11,michael.leemail,,2020-08-09,IT,946-821-1660,,,Single,,di0Ckv2LWNLk81,,96805
103,Emily Clark,,26-12-1977,emily.clark@mail.com,99050.0,11-14-2024,Finance,251-193-5066,"9488 Cedar Blvd., Springfield",,Divorced,On probation,zG1nDC,yes,54778
104,Jane Smith,,1983/12/29,jane.smith@company.org,77079.0,2023/04/12,Support,625-150-5896,"7424 Pine Rd., Springfield",,Divorced,Promoted last year,TTpuJ,1,88579
105,Susan King,25.0,,susan.king,118997.0,21/07/2020,HR,+1-131-514-8408,"391 Maple St., Hillview",Female,Divorced,,643zc9TFAyYRgE,yes,27527
106,Jane Smith,31.0,1974/03/15,jane.smith@company.org,89372.0,11-04-2021,Support,(355) 196-8570,"9228 Elm St., Springfield",Female,Widowed,Great employee,IaT6is,no,10268
107,Robert Brown,,1984.08.20,robert.brown@mail.com,84791.0,2020/02/20,Marketing,+1-224-112-2010,"9999 Elm St., Lakeside",,Widowed,,9aPkCJK8CiRl2MR,,10560
108,Linda Johnson,,1999.02.03,linda.johnson@company.org,1206246.0,15/07/2020,IT,+1-233-302-7563,"9313 Oak Ave., Hillview",Female,Divorced,Promoted last year,1e3uc,0,98172
109,Chris O'Neil,,2001/09/02,chris.oneil@company.org,77346.0,2021/03/26,Marketing,(760) 186-5240,"6053 Maple St., Rivertown",Female,Widowed,,URLJmQMu5F4,0,
110,David Taylor,,1978/01/16,david.taylor@mail.com,94874.0,17/07/2024,Support,+1-122-166-4239,"5539 Elm St., Fairview",Other,Married,Great employee,3gwMwkIeRm,yes,74091
111,Emily Clark,,1986.12.24,emily.clark@company.org,77363.0,24/12/2024,HR,928-231-2506,"6052 Cedar Blvd., Springfield",Female,Married,,ohD6J7nUnv,yes,80533
112,Anna-Marie,31.0,,annamarie@mail.com,94381.0,2025/02/24,IT,225-143-8552,,Other,Divorced,Great employee,FAdxCFZDG,,
113,Susan King,27.0,1989-05-02,susan.king@company.org,45020.0,2023/11/04,Finance,,"135 Pine Rd., Lakeside",,Single,Promoted last year,3CwPQ82l2fyl7,yes,95362
114,Robert Brown,52.0,2000-01-28,robert.brown@email.com,109176.0,2023-01-29,Support,941-841-7471,"4883 Elm St., Fairview",Male,Widowed,Great employee,grRE2G,0,
115,Michael Lee,,1974.12.20,michael.lee@email.com,110261.0,11/05/2025,Finance,799-536-3831,"1841 Maple St., Rivertown",Female,Single,Needs improvement,bzQ5DATblbXZGuJ,0,
116,Robert Brown,22.0,10-12-1984,robert.brown@email.com,108951.0,2022-05-26,Engineering,+1-381-386-8307,"6804 Maple St., Lakeside",,Widowed,,OuKR0BsiWkqE8Vc,0,98029
117,anna-marie,46.0,11/25/2002,annamarie@mail.com,53587.0,02-14-2021,Marketing,+1-728-734-5026,"3172 Maple St., Hillview",,Single,Great employee,r7MjHlkR4X,no,26176
118,John Doe,,1972/12/01,john.doe@mail.com,48270.0,2021/06/08,Sales,521-663-8848,"3222 Pine Rd., Springfield",Female,Single,Great employee,octhqlI,yes,59332
119,Michael Lee,,1989.09.20,michael.lee@company.org,1856648.0,05-18-2024,HR,,"861 Elm St., Springfield",Male,Married,,P8jB8,,56919
120,John Doe,43.0,1987/02/14,john.doe@company.org,84438.0,2024/05/27,Finance,+1-529-304-9614,"7481 Cedar Blvd., Fairview",Male,Widowed,Needs improvement,s5zEjCtaT8uRD,0,11105
121,Anna-Marie,55.0,1971/01/06,annamarie,78504.0,2023-08-26,Sales,(913) 119-7266,"2305 Cedar Blvd., Springfield",Female,Married,,8U9PXT5ug,no,
122,Susan King,41.0,07-07-1984,susan.king@mail.com,86210.0,2022/01/01,HR,591-657-8940,"895 Elm St., Hillview",,Widowed,On probation,3iIty0BfdNKn,yes,35295
123,John Doe,47.0,25-02-1973,john.doe@email.com,97432.0,03/04/2025,Sales,(614) 429-7363,"8012 Elm St., Rivertown",Female,Married,Needs improvement,mf0P78yEL,1,39035
124,Linda Johnson,45.0,1978-03-09,linda.johnson@company.org,98188.0,2021-03-04,IT,+1-426-711-4588,"2945 Oak Ave., Springfield",Male,Married,Needs improvement,64wj0wxrv82fT,,46848
125,Robert Brown,47.0,1992-06-07,robert.brownemail,113619.0,10-15-2024,Support,,"9939 Elm St., Lakeside",Female,Unknown,,TzBkT3TzZLis,,56900
126,Michael Lee,35.0,06-08-1981,michael.lee@email.com,98341.0,12-16-2024,Finance,159-928-8728,"6402 Cedar Blvd., Fairview",,Divorced,,9e7Ufz4zISUil,,
127,Susan King,57.0,25-07-1996,susan.king@company.org,58202.0,2024/02/15,Sales,(338) 263-2640,"4167 Pine Rd., Hillview",Male,Widowed,Needs improvement,rEZsKETnXjs,,91951
128,Susan King,45.0,19-11-1978,susan.king@email.com,,2023/03/21,IT,+1-372-646-1916,"4919 Cedar Blvd., Rivertown",Male,Divorced,,ZDO3zEQphr9eUKJ,1,38986
129,Chris O'Neil,,1989-05-29,chris.oneil@company.org,112260.0,11/11/2021,Support,+1-689-966-7363,"9971 Elm St., Lakeside",Male,Married,,MDRhFJ0kd,yes,74724
130,Robert Brown,,27-12-1989,robert.brown@company.org,108012.0,06-07-2020,Support,+1-280-342-6210,"9075 Pine Rd., Fairview",,Married,Needs improvement,CQwdwN7dsN,yes,14822
131,Jane Smith,57.0,1990.01.17,jane.smith@company.org,116106.0,02/08/2024,Finance,(467) 705-1462,"3391 Oak Ave., Fairview",Female,Widowed,,FVlfUH,yes,89433
132,Emily Clark,60.0,1978-05-07,emily.clark@email.com,,02-18-2020,Finance,681-677-3328,"5757 Oak Ave., Rivertown",Male,Widowed,,ZQsQQfJZaG,,35701
133,Linda Johnson,,1975.07.01,linda.johnson@mail.com,93227.0,2023/10/13,Sales,+1-956-929-9064,"5381 Maple St., Lakeside",,Divorced,,Wz5knFZXIQ,1,93681
134,John Doe,48.0,1988.05.15,john.doe@company.org,85268.0,20/03/2023,Support,+1-602-138-2478,"9648 Elm St., Hillview",,Widowed,On probation,0SRXz4hibvQiB,no,46352
135,Susan King,28.0,02/18/1998,susan.king@email.com,,2023/10/28,Support,,"8847 Pine Rd., Hillview",Other,Single,,G8ksUhhRQtn8AV,,74751
136,Emily Clark,32.0,04/14/1971,emily.clark@email.com,105373.0,07-09-2020,Engineering,+1-639-589-1011,"8664 Maple St., Springfield",Male,Divorced,Great employee,eWUcgX,1,
137,John Doe,47.0,1993.12.24,john.doe@email.com,101680.0,2023-11-06,Support,(306) 925-3137,"969 Maple St., Rivertown",,Married,,KD4csafhLKmPb,0,
138,Jane Smith,38.0,1987-03-20,jane.smith@company.org,77827.0,2025/01/14,IT,+1-921-964-6301,"2736 Pine Rd., Lakeside",Female,Single,,066vjFT,yes,98103
139,Anna-Marie,,1999/04/17,annamarie@mail.com,58909.0,2024/05/02,IT,,"1116 Pine Rd., Rivertown",,Married,Promoted last year,FeYVGS7k,,84074
140,john doe,30.0,1980/05/02,john.doe@company.org,81750.0,2024/07/16,IT,(245) 892-2817,"629 Pine Rd., Hillview",,Widowed,,aS550DRlPgZ8A,,
141,Michael Lee,54.0,1990/03/08,michael.lee@mail.com,94596.0,03-06-2022,Support,174-482-7481,"9305 Oak Ave., Fairview",Other,Widowed,On probation,og9hgiVRIcuhr,1,18526
142,John Doe,,1977/06/15,john.doe@company.org,89832.0,15/08/2024,Sales,409-430-3235,"8470 Pine Rd., Springfield",Male,Widowed,,TQ0oz9A13X6waP,yes,
143,Emily Clark,,,emily.clark@email.com,105774.0,2021/02/07,Support,(547) 910-8982,"6449 Cedar Blvd., Lakeside",,Widowed,,gBOfiyKg58e8uK9,no,39879
144,John Doe,,1973/12/04,john.doe@mail.com,109878.0,07-13-2023,Finance,+1-824-675-6846,"981 Maple St., Lakeside",Female,Married,On probation,oAEVVK,0,45956
145,Michael Lee,,29-03-1990,michael.lee@mail.com,104094.0,2023/09/03,HR,(934) 279-7199,"7359 Oak Ave., Lakeside",Other,Divorced,Great employee,6wP69FjChEo6bTZ,1,
146,David Taylor,39.0,1973.04.12,david.taylor@mail.com,59198.0,2023-10-28,HR,(401) 230-3911,"9055 Elm St., Rivertown",,Widowed,Needs improvement,Q8xQjMfeUVXm,no,98832
147,Jane Smith,50.0,12-01-1994,jane.smith@mail.com,57992.0,02/11/2024,Marketing,(686) 500-1530,"3270 Pine Rd., Hillview",Female,Married,Needs improvement,EFHYHbV92hB0Bck,no,43150
148,John Doe,,2001-04-10,john.doe@company.org,58018.0,03/06/2025,Engineering,928-726-4619,"1320 Oak Ave., Rivertown",Male,Widowed,,1sREiSEgPOQJD0F,0,69497
149,Anna-Marie,34.0,1974-08-28,annamarie@email.com,44888.0,30/04/2020,Engineering,+1-608-244-6425,"2055 Cedar Blvd., Springfield",Other,Married,On probation,qKxPVrdKhwY,0,
150,Robert Brown,24.0,04/10/1995,robert.brown@email.com,83914.0,2023/11/09,Finance,+1-455-427-3750,"9219 Pine Rd., Rivertown",,Widowed,,b3vgvwvOpOK4es,0,98224
151,David Taylor,30.0,07/30/1998,david.taylor@mail.com,41846.0,04-27-2021,Support,+1-941-825-6500,"4278 Maple St., Lakeside",Other,Divorced,Promoted last year,kHcOAFAbDb,no,16797
152,Michael Lee,,1974/12/24,michael.lee@company.org,52502.0,31/05/2024,Engineering,314-355-2110,"2636 Maple St., Rivertown",Female,Divorced,,xyJYgPuFVv,1,52336
153,Susan King,22.0,08/04/1983,susan.king@mail.com,74282.0,10-14-2021,Finance,+1-837-101-1788,"9879 Maple St., Fairview",Male,Single,Needs improvement,s8mN8e0nqsJXM7,no,63330
154,Linda Johnson,29.0,1985.06.11,linda.johnson@company.org,78671.0,23/05/2023,Marketing,(529) 270-7783,"5034 Cedar Blvd., Fairview",Male,Divorced,,fueXDnXOsXAHmy,1,99151
155,Robert Brown,51.0,1978/12/29,robert.brown@company.org,118094.0,2020-07-21,IT,459-659-7149,"1294 Pine Rd., Fairview",Male,Widowed,,FPH2MGlEOZ6qNY,no,74955
156,Anna-Marie,,1998-08-06,annamarie@company.org,61566.0,2023/08/12,Sales,907-984-4695,"3112 Elm St., Springfield",Male,Divorced,On probation,5TdmCoUV0z1,0,15697
157,Linda Johnson,,1983-08-25,linda.johnson@company.org,113242.0,11-10-2022,Finance,+1-918-966-1547,"2711 Cedar Blvd., Fairview",,Widowed,Promoted last year,N0qrjQ,yes,39431
158,John Doe,,2001/08/06,john.doe@email.com,49046.0,2020/03/19,Sales,367-207-2215,"1606 Pine Rd., Rivertown",Female,Single,Promoted last year,zhlpZCIB,,
159,Michael Lee,30.0,1986/06/22,michael.lee@mail.com,110687.0,09-14-2024,Sales,264-849-2228,"5537 Pine Rd., Lakeside",Other,Single,,4mqbWrINcSWd3ts,no,79784
160,Robert Brown,,1993-08-22,robert.brown@mail.com,95591.0,2022/06/20,Support,+1-446-708-8909,"8791 Cedar Blvd., Fairview",,Single,Promoted last year,3zwOf6,,10676
161,Linda Johnson,,1971-02-09,linda.johnson,42050.0,07/02/2024,Sales,769-268-8113,"244 Maple St., Lakeside",Other,Married,Promoted last year,oJFhPJW,,53870
162,Jane Smith,,2001/08/24,jane.smith@company.org,47398.0,08-31-2024,Marketing,+1-439-310-4112,"4094 Maple St., Lakeside",Male,Single,On probation,p2ohYuKyUoAik,,
163,Emily Clark,60.0,1997.03.15,emily.clark@mail.com,117550.0,08/07/2020,Finance,(839) 847-9849,"1957 Cedar Blvd., Lakeside",Female,Married,,BpKEx6tAQ,no,13325
164,Chris O'Neil,25.0,1973/07/07,chris.oneil@mail.com,79306.0,05/05/2023,Support,404-343-2571,"4733 Maple St., Fairview",,Unknown,On probation,26wSYb7L0,yes,39573
165,David Taylor,36.0,1997/02/25,david.taylor@company.org,109467.0,2024/09/12,Marketing,,"6243 Elm St., Fairview",Other,Widowed,,Xd4PpxNR3QHoBa7,,65550
166,Michael Lee,27.0,1999.06.26,michael.lee@email.com,,2023-05-03,Support,257-155-6911,"818 Pine Rd., Rivertown",Other,Widowed,Promoted last year,s6Us1jBtY,no,42765
167,Jane Smith,,09/10/1988,jane.smith@email.com,55376.0,2021/04/06,Marketing,,"1449 Maple St., Rivertown",,Widowed,,zc1Z6Dz0S2YZRFv,no,
168,Emily Clark,,1990/12/07,emily.clark@company.org,107215.0,2020/07/02,Engineering,,"8914 Elm St., Springfield",Other,Single,Needs improvement,THuRVNlBNamsJg,no,18237
169,Jane Smith,52.0,01/01/1987,jane.smith@company.org,42125.0,2023/12/27,HR,(714) 591-4271,"3553 Oak Ave., Hillview",Other,Married,,G8ZV0QXt,no,22678
170,Robert Brown,36.0,1992/08/09,robert.brown@company.org,104044.0,2021/05/24,Engineering,,"3468 Elm St., Hillview",,Widowed,,2ikKurfwyxZJ,no,
171,Robert Brown,,1979/02/11,robert.brown@company.org,108674.0,2025-04-05,Support,(398) 183-8758,"1281 Oak Ave., Springfield",Female,Widowed,Needs improvement,65OM4,1,13148
172,John Doe,,1993-04-01,john.doe@email.com,47923.0,2021/12/26,Finance,903-507-8715,"5534 Maple St., Springfield",,Divorced,On probation,mRkyAqfw6hSA,1,92090
173,anna-marie,56.0,,annamarie@mail.com,105826.0,2020/11/21,Support,(371) 193-9914,,,Single,,ZEnm6YqUxAmn,,42821
174,Robert Brown,,1975.10.30,robert.brown@mail.com,88896.0,2020/01/27,Engineering,490-478-4056,"4227 Elm St., Springfield",Female,Married,,TllXb8oBp,1,72072
175,Emily Clark,36.0,2000-01-06,emily.clarkmail,41238.0,05/07/2021,Sales,550-576-5315,"3829 Pine Rd., Hillview",Other,Widowed,Promoted last year,QCaiuQQSRTpfdu,no,54669
176,Anna-Marie,,20-09-2001,annamarie@company.org,46102.0,2020-04-08,Finance,677-163-3476,"6726 Cedar Blvd., Lakeside",,Single,Promoted last year,DvLPXRYa,no,53724
177,Michael Lee,,1989-07-10,michael.lee@company.org,92205.0,2020-03-29,HR,(199) 187-6632,,Other,Single,On probation,Msyw8IJqF52it,1,41030
178,Robert Brown,58.0,05/20/1979,robert.brown@company.org,50279.0,08-23-2022,Sales,874-703-4727,"8862 Maple St., Fairview",Other,Married,On probation,Aqt8E8rwA3qZ5,,88638
179,Jane Smith,26.0,1976.02.04,jane.smith@mail.com,,2023/12/02,Engineering,938-635-7858,,Other,Divorced,On probation,t3t9Vj0OXdjoc,,22539
180,Linda Johnson,46.0,1977/05/08,linda.johnson,49634.0,12-27-2024,Marketing,(987) 586-4860,"845 Maple St., Lakeside",,Married,Great employee,kCh3EB9IC,0,85882
181,Chris O'Neil,31.0,1998-11-07,chris.oneilmail,53399.0,2024-09-15,Marketing,+1-504-974-1568,"1838 Pine Rd., Lakeside",Female,Single,,01hf1l,1,
182,Chris O'Neil,57.0,08/11/1999,chris.oneil@company.org,90493.0,05-19-2025,Engineering,(919) 685-3415,"4712 Cedar Blvd., Hillview",Male,Single,Great employee,UYIPn9a,no,14370
183,Chris O'Neil,,1996/01/09,chris.oneil@mail.com,48292.0,2024/07/06,HR,277-271-4471,"604 Cedar Blvd., Rivertown",Female,Divorced,Promoted last year,l5pEfur8hx5gub,no,18523
184,Chris O'Neil,26.0,1992/07/26,chris.oneil@email.com,40887.0,2020/02/17,HR,+1-143-533-2283,"2334 Cedar Blvd., Fairview",,Single,,ZOC7Ka8O6uTT,0,18126
185,Emily Clark,43.0,1974.06.05,emily.clark@mail.com,102784.0,09/09/2023,Engineering,306-942-3422,"2460 Pine Rd., Lakeside",Female,Married,Great employee,i1XrXUHLfpoVyb,1,67923
186,Susan King,,1991/01/21,susan.king@company.org,63583.0,2021-08-17,Finance,427-844-2097,"282 Elm St., Fairview",Male,Married,,kWrUOhEA,,
187,Anna-Marie,35.0,1972-07-20,annamarie@mail.com,79692.0,02-04-2024,Finance,,"784 Maple St., Fairview",Female,Divorced,Needs improvement,4LwfwmByq,yes,66602
188,Robert Brown,,1976/10/22,robert.brown@company.org,94827.0,2022-05-27,Support,(433) 977-5525,"8900 Elm St., Springfield",,Unknown,Promoted last year,AUYMAAcvCnQjEN,0,
189,Susan King,,06/29/1992,susan.king@company.org,,2021/10/31,Support,+1-905-817-9561,"5733 Oak Ave., Hillview",Other,Single,Great employee,fDeXs9QspAJI4,,83303
190,Susan King,,,susan.king@company.org,115397.0,2024/03/18,HR,+1-524-253-3428,"8497 Oak Ave., Rivertown",Male,Married,Promoted last year,gAfOJppfFhPll,no,
191,Chris O'Neil,,2002/07/12,chris.oneil@mail.com,58569.0,07-01-2023,HR,(876) 202-2730,"4240 Oak Ave., Springfield",Female,Unknown,Needs improvement,czRtSUBYv4Y,0,62649
192,Anna-Marie,55.0,1999/04/02,annamarie@mail.com,55084.0,04-28-2025,Finance,+1-904-392-9775,"9394 Maple St., Fairview",,Unknown,Needs improvement,lUL2gHah,0,
193,Jane Smith,,15-11-1978,jane.smith@mail.com,93090.0,02/12/2021,Marketing,370-492-8955,"9105 Maple St., Lakeside",Male,Widowed,Promoted last year,OCzOUTs,yes,40554
194,Chris O'Neil,34.0,1986-03-10,chris.oneil@email.com,48200.0,2022-03-19,Support,138-276-5512,"4207 Maple St., Rivertown",Male,Married,Great employee,wPQyshaga81mOO,,96471
195,David Taylor,,1991/11/11,david.taylor@company.org,91451.0,2022-02-27,HR,(723) 797-7581,"8082 Pine Rd., Lakeside",Female,Single,,01HfVjAh3TB,yes,69429
196,Susan King,33.0,1977-02-26,susan.king@mail.com,63992.0,11/05/2023,IT,,"3942 Maple St., Lakeside",,Widowed,Promoted last year,D1KmJZdaNS80,0,66112
197,Chris O'Neil,30.0,1981.10.19,chris.oneil@company.org,61871.0,09-15-2022,Marketing,807-343-1807,"3270 Pine Rd., Hillview",,Divorced,,KIsEEKLQYESGAt,,91163
198,Robert Brown,,2003/03/14,robert.brown@mail.com,104876.0,2023/02/27,Engineering,481-120-6535,"5108 Elm St., Rivertown",Male,Single,,qO3hMO,1,
199,Anna-Marie,,09/26/1993,annamarieemail,99942.0,2022/04/12,IT,418-387-9054,"6071 Pine Rd., Hillview",Male,Married,,Rbrlvon4vL0O,0,98575
200,David Taylor,29.0,1987.03.05,david.taylor@email.com,68644.0,2023-01-25,Finance,(200) 989-4734,"5231 Oak Ave., Rivertown",Other,Single,,2Syz6Ow,yes,69516
167,Jane Smith,,09/10/1988,jane.smith@email.com,55376.0,2021/04/06,Marketing,(553) 892-6257,"7245 Pine Rd., Lakeside",Female,Married,,X0MrUPimLgz9,yes,87045
151,David Taylor,30.0,07/30/1998,david.taylor@mail.com,41846.0,04-27-2021,Support,719-761-2462,"5532 Cedar Blvd., Hillview",Other,Divorced,Needs improvement,oI9wqPk1F,yes,
60,Robert Brown,50.0,1977/05/16,robert.brown@mail.com,93523.0,08-01-2023,Finance,+1-943-516-8937,"5104 Cedar Blvd., Fairview",Male,Widowed,Great employee,uhoIE9,yes,
200,David Taylor,29.0,1987.03.05,david.taylor@email.com,68644.0,2023-01-25,Finance,940-157-9442,"1443 Pine Rd., Rivertown",Male,Single,Great employee,VVI302Lgd6,yes,18853
90,Jane Smith,28.0,1978-09-03,jane.smith@company.org,93845.0,2023/06/20,Support,+1-418-826-9303,"3318 Pine Rd., Springfield",,Divorced,On probation,7U8WL1gIFkhm,no,35377
